Date,Open,High,Low,Close,Adj Close,Volume
2018-01-02,42.630001068115234,42.709999084472656,41.880001068115234,41.95000076293945,41.95000076293945,989000
2018-01-03,42.0,42.02000045776367,40.880001068115234,40.91999816894531,40.91999816894531,757900
2018-01-04,40.90999984741211,40.970001220703125,40.40999984741211,40.599998474121094,40.599998474121094,692600
2018-01-05,39.43000030517578,40.79999923706055,39.04999923706055,40.5099983215332,40.5099983215332,1556200
2018-01-08,40.599998474121094,41.25,40.58000183105469,41.06999969482422,41.06999969482422,891700
2018-01-09,41.06999969482422,41.33000183105469,40.22999954223633,40.2599983215332,40.2599983215332,857600
2018-01-10,40.16999816894531,40.33000183105469,39.18000030517578,39.5099983215332,39.5099983215332,844900
2018-01-11,39.630001068115234,39.79999923706055,39.310001373291016,39.45000076293945,39.45000076293945,624800
2018-01-12,39.349998474121094,39.81999969482422,39.25,39.40999984741211,39.40999984741211,738500
2018-01-16,39.380001068115234,39.95000076293945,39.349998474121094,39.41999816894531,39.41999816894531,613100
2018-01-17,39.689998626708984,40.279998779296875,39.470001220703125,40.0099983215332,40.0099983215332,979700
2018-01-18,39.79999923706055,39.90999984741211,39.2400016784668,39.470001220703125,39.470001220703125,636000
2018-01-19,39.45000076293945,39.59000015258789,39.220001220703125,39.36000061035156,39.36000061035156,831200
2018-01-22,39.2599983215332,39.709999084472656,39.2400016784668,39.59000015258789,39.59000015258789,1246600
2018-01-23,39.68000030517578,40.33000183105469,39.45000076293945,40.11000061035156,40.11000061035156,1135100
2018-01-24,40.22999954223633,40.36000061035156,39.5099983215332,40.040000915527344,40.040000915527344,868500
2018-01-25,40.20000076293945,40.439998626708984,39.86000061035156,40.099998474121094,40.099998474121094,716100
2018-01-26,40.279998779296875,40.279998779296875,39.0099983215332,39.31999969482422,39.31999969482422,799800
2018-01-29,39.150001525878906,39.31999969482422,38.459999084472656,38.4900016784668,38.4900016784668,809900
2018-01-30,38.2599983215332,38.59000015258789,38.02000045776367,38.16999816894531,38.16999816894531,736300
2018-01-31,38.29999923706055,38.540000915527344,37.900001525878906,38.13999938964844,38.13999938964844,729700
2018-02-01,38.130001068115234,38.22999954223633,37.47999954223633,38.189998626708984,38.189998626708984,567200
2018-02-02,37.93000030517578,38.189998626708984,37.290000915527344,37.59000015258789,37.59000015258789,1239500
2018-02-05,37.22999954223633,37.4900016784668,35.81999969482422,35.900001525878906,35.900001525878906,1547700
2018-02-06,35.439998626708984,36.47999954223633,34.900001525878906,36.36000061035156,36.36000061035156,1836000
2018-02-07,35.0,36.189998626708984,33.34000015258789,34.689998626708984,34.689998626708984,4796100
2018-02-08,34.88999938964844,35.099998474121094,33.810001373291016,34.349998474121094,34.349998474121094,2360500
2018-02-09,34.5099983215332,34.63999938964844,33.16999816894531,33.72999954223633,33.72999954223633,1774200
2018-02-12,33.9900016784668,34.029998779296875,33.15999984741211,33.209999084472656,33.209999084472656,1071400
2018-02-13,33.02000045776367,33.5099983215332,32.81999969482422,33.27000045776367,33.27000045776367,1106000
2018-02-14,33.220001220703125,34.70000076293945,32.95000076293945,34.459999084472656,34.459999084472656,1148300
2018-02-15,34.619998931884766,35.13999938964844,34.20000076293945,34.970001220703125,34.970001220703125,1608300
2018-02-16,34.869998931884766,35.58000183105469,34.59000015258789,35.47999954223633,35.47999954223633,1096300
2018-02-20,35.27000045776367,35.380001068115234,34.43000030517578,34.68000030517578,34.68000030517578,1226600
2018-02-21,34.619998931884766,35.15999984741211,33.95000076293945,33.959999084472656,33.959999084472656,1011200
2018-02-22,33.95000076293945,34.2400016784668,33.619998931884766,33.709999084472656,33.709999084472656,1092100
2018-02-23,34.209999084472656,34.939998626708984,33.86000061035156,34.849998474121094,34.849998474121094,1313600
2018-02-26,34.650001525878906,35.290000915527344,34.40999984741211,35.040000915527344,35.040000915527344,716400
2018-02-27,35.02000045776367,35.310001373291016,34.810001373291016,34.959999084472656,34.959999084472656,1206500
2018-02-28,35.13999938964844,35.2599983215332,34.369998931884766,34.779998779296875,34.779998779296875,2129100
2018-03-01,34.7400016784668,35.0099983215332,34.0099983215332,34.09000015258789,34.09000015258789,1177100
2018-03-02,33.880001068115234,34.900001525878906,33.79999923706055,34.75,34.75,671500
2018-03-05,34.939998626708984,35.7599983215332,34.91999816894531,35.56999969482422,35.56999969482422,975900
2018-03-06,35.59000015258789,35.849998474121094,35.119998931884766,35.84000015258789,35.84000015258789,1020900
2018-03-07,35.689998626708984,35.810001373291016,35.369998931884766,35.5,35.5,880000
2018-03-08,35.540000915527344,35.70000076293945,35.0099983215332,35.310001373291016,35.310001373291016,445200
2018-03-09,35.52000045776367,35.7400016784668,35.279998779296875,35.529998779296875,35.529998779296875,572700
2018-03-12,35.65999984741211,36.150001525878906,35.380001068115234,35.72999954223633,35.72999954223633,902700
2018-03-13,35.77000045776367,35.93000030517578,35.189998626708984,35.349998474121094,35.349998474121094,783200
2018-03-14,35.560001373291016,35.56999969482422,34.97999954223633,35.15999984741211,35.15999984741211,476500
2018-03-15,35.15999984741211,35.38999938964844,33.90999984741211,34.29999923706055,34.29999923706055,789700
2018-03-16,34.369998931884766,34.650001525878906,34.119998931884766,34.52000045776367,34.52000045776367,883700
2018-03-19,34.349998474121094,34.40999984741211,33.939998626708984,34.13999938964844,34.13999938964844,628500
2018-03-20,34.25,34.25,33.279998779296875,33.58000183105469,33.58000183105469,732200
2018-03-21,33.439998626708984,33.47999954223633,32.56999969482422,33.0,33.0,1076300
2018-03-22,32.83000183105469,32.959999084472656,32.0,32.0,32.0,1028000
2018-03-23,32.18000030517578,33.2599983215332,32.0,32.63999938964844,32.63999938964844,1250700
2018-03-26,32.869998931884766,33.2400016784668,32.380001068115234,33.0,33.0,1018000
2018-03-27,33.130001068115234,33.13999938964844,31.719999313354492,31.950000762939453,31.950000762939453,1204800
2018-03-28,32.029998779296875,32.189998626708984,31.68000030517578,31.850000381469727,31.850000381469727,997200
2018-03-29,32.040000915527344,32.2599983215332,31.829999923706055,32.06999969482422,32.06999969482422,910200
2018-04-02,31.860000610351562,31.8799991607666,30.770000457763672,30.989999771118164,30.989999771118164,1380500
2018-04-03,31.010000228881836,31.299999237060547,30.579999923706055,31.010000228881836,31.010000228881836,1881000
2018-04-04,30.719999313354492,31.239999771118164,30.389999389648438,30.969999313354492,30.969999313354492,1960900
2018-04-05,31.149999618530273,31.200000762939453,30.56999969482422,30.709999084472656,30.709999084472656,1721800
2018-04-06,30.700000762939453,31.030000686645508,30.520000457763672,30.670000076293945,30.670000076293945,1526300
2018-04-09,30.709999084472656,31.010000228881836,30.399999618530273,30.469999313354492,30.469999313354492,1270600
2018-04-10,30.610000610351562,31.020000457763672,30.469999313354492,30.610000610351562,30.610000610351562,1044900
2018-04-11,30.6299991607666,31.229999542236328,30.5,30.950000762939453,30.950000762939453,1613800
2018-04-12,31.1299991607666,31.15999984741211,30.790000915527344,31.040000915527344,31.040000915527344,1475400
2018-04-13,31.1200008392334,31.520000457763672,31.049999237060547,31.440000534057617,31.440000534057617,1092200
2018-04-16,31.510000228881836,32.29999923706055,31.309999465942383,31.889999389648438,31.889999389648438,1264300
2018-04-17,31.8799991607666,32.20000076293945,31.670000076293945,31.93000030517578,31.93000030517578,542100
2018-04-18,31.979999542236328,32.119998931884766,31.469999313354492,31.489999771118164,31.489999771118164,786400
2018-04-19,31.420000076293945,31.68000030517578,30.270000457763672,30.3700008392334,30.3700008392334,919900
2018-04-20,30.479999542236328,30.610000610351562,29.639999389648438,29.690000534057617,29.690000534057617,1075400
2018-04-23,29.770000457763672,29.799999237060547,29.079999923706055,29.329999923706055,29.329999923706055,1190400
2018-04-24,29.510000228881836,29.670000076293945,29.030000686645508,29.25,29.25,1391400
2018-04-25,29.079999923706055,29.920000076293945,29.059999465942383,29.56999969482422,29.56999969482422,1530300
2018-04-26,29.65999984741211,30.1299991607666,29.25,30.079999923706055,30.079999923706055,935500
2018-04-27,30.030000686645508,30.34000015258789,29.899999618530273,30.15999984741211,30.15999984741211,748800
2018-04-30,30.139999389648438,30.3700008392334,29.09000015258789,29.1299991607666,29.1299991607666,1320000
2018-05-01,29.0,29.09000015258789,26.8799991607666,28.56999969482422,28.56999969482422,5178000
2018-05-02,28.579999923706055,28.8799991607666,27.510000228881836,27.639999389648438,27.639999389648438,1914100
2018-05-03,27.600000381469727,28.010000228881836,27.329999923706055,27.6200008392334,27.6200008392334,1053500
2018-05-04,27.6200008392334,28.969999313354492,27.6200008392334,28.5,28.5,1198200
2018-05-07,28.489999771118164,28.770000457763672,28.1200008392334,28.639999389648438,28.639999389648438,1228800
2018-05-08,26.799999237060547,27.780000686645508,25.799999237060547,27.450000762939453,27.450000762939453,6669700
2018-05-09,27.389999389648438,28.229999542236328,27.020000457763672,28.010000228881836,28.010000228881836,2220900
2018-05-10,27.899999618530273,28.489999771118164,27.780000686645508,28.190000534057617,28.190000534057617,1488400
2018-05-11,28.25,28.489999771118164,27.729999542236328,27.90999984741211,27.90999984741211,1331100
2018-05-14,27.799999237060547,27.920000076293945,26.940000534057617,27.09000015258789,27.09000015258789,1791800
2018-05-15,27.010000228881836,27.280000686645508,26.649999618530273,26.719999313354492,26.719999313354492,1397900
2018-05-16,26.719999313354492,27.3799991607666,26.719999313354492,27.239999771118164,27.239999771118164,1708700
2018-05-17,27.260000228881836,27.290000915527344,26.780000686645508,26.969999313354492,26.969999313354492,1479600
2018-05-18,26.790000915527344,26.799999237060547,26.15999984741211,26.260000228881836,26.260000228881836,1220600
2018-05-21,26.420000076293945,26.690000534057617,25.8700008392334,25.920000076293945,25.920000076293945,1739900
2018-05-22,26.049999237060547,26.350000381469727,25.93000030517578,25.950000762939453,25.950000762939453,2207900
2018-05-23,25.940000534057617,26.40999984741211,25.93000030517578,25.950000762939453,25.950000762939453,1182800
2018-05-24,25.940000534057617,26.260000228881836,25.670000076293945,26.219999313354492,26.219999313354492,917000
2018-05-25,26.139999389648438,26.600000381469727,26.030000686645508,26.170000076293945,26.170000076293945,560200
2018-05-29,25.979999542236328,26.350000381469727,25.459999084472656,25.6299991607666,25.6299991607666,1110900
2018-05-30,25.670000076293945,26.31999969482422,25.610000610351562,26.1299991607666,26.1299991607666,809900
2018-05-31,26.100000381469727,26.299999237060547,25.479999542236328,25.520000457763672,25.520000457763672,1826700
2018-06-01,25.649999618530273,26.079999923706055,25.40999984741211,25.899999618530273,25.899999618530273,970100
2018-06-04,25.979999542236328,27.0,25.860000610351562,26.959999084472656,26.959999084472656,1997000
2018-06-05,27.399999618530273,27.760000228881836,26.6299991607666,26.959999084472656,26.959999084472656,1894200
2018-06-06,26.940000534057617,27.31999969482422,26.450000762939453,27.139999389648438,27.139999389648438,1303000
2018-06-07,26.969999313354492,27.950000762939453,26.760000228881836,27.65999984741211,27.65999984741211,1964200
2018-06-08,27.709999084472656,28.520000457763672,27.670000076293945,28.299999237060547,28.299999237060547,1401000
2018-06-11,28.489999771118164,29.06999969482422,28.149999618530273,28.799999237060547,28.799999237060547,1869200
2018-06-12,28.84000015258789,28.899999618530273,28.06999969482422,28.670000076293945,28.670000076293945,950400
2018-06-13,28.799999237060547,29.280000686645508,28.270000457763672,28.350000381469727,28.350000381469727,1498600
2018-06-14,28.350000381469727,28.350000381469727,27.770000457763672,28.1200008392334,28.1200008392334,1423700
2018-06-15,28.059999465942383,28.530000686645508,27.90999984741211,28.459999084472656,28.459999084472656,1248600
2018-06-18,28.350000381469727,28.8700008392334,28.219999313354492,28.829999923706055,28.829999923706055,1372500
2018-06-19,28.719999313354492,29.670000076293945,28.6299991607666,29.459999084472656,29.459999084472656,1776300
2018-06-20,29.489999771118164,29.649999618530273,28.469999313354492,28.6299991607666,28.6299991607666,1714100
2018-06-21,28.729999542236328,29.5,28.56999969482422,29.18000030517578,29.18000030517578,1172500
2018-06-22,30.5,31.530000686645508,29.510000228881836,29.739999771118164,29.739999771118164,3717000
2018-06-25,29.770000457763672,30.639999389648438,29.520000457763672,29.889999389648438,29.889999389648438,1837200
2018-06-26,29.90999984741211,29.979999542236328,28.90999984741211,28.959999084472656,28.959999084472656,1183300
2018-06-27,28.8799991607666,29.790000915527344,28.399999618530273,29.479999542236328,29.479999542236328,1092200
2018-06-28,29.56999969482422,29.950000762939453,29.280000686645508,29.81999969482422,29.81999969482422,1740800
2018-06-29,29.719999313354492,30.1299991607666,29.6299991607666,29.799999237060547,29.799999237060547,1158400
2018-07-02,29.719999313354492,30.239999771118164,29.209999084472656,29.610000610351562,29.610000610351562,1112400
2018-07-03,29.65999984741211,30.3799991607666,29.530000686645508,30.0,30.0,530700
2018-07-05,30.110000610351562,30.34000015258789,29.75,30.280000686645508,30.280000686645508,803300
2018-07-06,30.239999771118164,30.709999084472656,30.149999618530273,30.639999389648438,30.639999389648438,550100
2018-07-09,30.75,30.889999389648438,30.549999237060547,30.829999923706055,30.829999923706055,928100
2018-07-10,30.969999313354492,31.1299991607666,30.700000762939453,30.959999084472656,30.959999084472656,918300
2018-07-11,30.8799991607666,31.15999984741211,30.469999313354492,30.489999771118164,30.489999771118164,2763900
2018-07-12,30.540000915527344,30.540000915527344,29.56999969482422,29.760000228881836,29.760000228881836,1156600
2018-07-13,29.809999465942383,30.399999618530273,29.610000610351562,30.020000457763672,30.020000457763672,1121200
2018-07-16,29.93000030517578,29.989999771118164,29.139999389648438,29.399999618530273,29.399999618530273,1534600
2018-07-17,29.309999465942383,29.809999465942383,29.309999465942383,29.579999923706055,29.579999923706055,1437400
2018-07-18,29.56999969482422,29.56999969482422,28.3700008392334,28.459999084472656,28.459999084472656,1294900
2018-07-19,28.5,28.940000534057617,28.3700008392334,28.75,28.75,1739000
2018-07-20,28.760000228881836,29.110000610351562,28.510000228881836,28.989999771118164,28.989999771118164,703200
2018-07-23,28.790000915527344,28.940000534057617,28.309999465942383,28.610000610351562,28.610000610351562,1424800
2018-07-24,28.579999923706055,28.59000015258789,27.510000228881836,27.760000228881836,27.760000228881836,1549000
2018-07-25,27.860000610351562,28.290000915527344,27.709999084472656,27.969999313354492,27.969999313354492,644200
2018-07-26,28.049999237060547,28.690000534057617,28.049999237060547,28.6200008392334,28.6200008392334,547400
2018-07-27,28.6200008392334,28.889999389648438,28.270000457763672,28.559999465942383,28.559999465942383,502600
2018-07-30,28.399999618530273,28.790000915527344,28.15999984741211,28.610000610351562,28.610000610351562,604000
2018-07-31,28.709999084472656,28.709999084472656,28.139999389648438,28.440000534057617,28.440000534057617,673900
2018-08-01,28.489999771118164,28.489999771118164,27.5,27.68000030517578,27.68000030517578,778900
2018-08-02,27.549999237060547,28.56999969482422,27.5,28.450000762939453,28.450000762939453,758200
2018-08-03,28.65999984741211,30.110000610351562,28.649999618530273,29.440000534057617,29.440000534057617,1045500
2018-08-06,29.450000762939453,29.6299991607666,29.110000610351562,29.469999313354492,29.469999313354492,663100
2018-08-07,29.700000762939453,30.420000076293945,29.34000015258789,30.219999313354492,30.219999313354492,1339400
2018-08-08,30.06999969482422,30.06999969482422,28.969999313354492,28.969999313354492,28.969999313354492,1083100
2018-08-09,29.059999465942383,29.079999923706055,28.31999969482422,28.5,28.5,884200
2018-08-10,28.299999237060547,28.68000030517578,28.0,28.09000015258789,28.09000015258789,856300
2018-08-13,28.290000915527344,28.489999771118164,27.850000381469727,28.40999984741211,28.40999984741211,1018800
2018-08-14,28.530000686645508,29.18000030517578,28.530000686645508,28.81999969482422,28.81999969482422,514300
2018-08-15,28.65999984741211,28.84000015258789,28.09000015258789,28.520000457763672,28.520000457763672,628700
2018-08-16,28.59000015258789,29.209999084472656,28.579999923706055,28.639999389648438,28.639999389648438,830800
2018-08-17,28.6200008392334,29.309999465942383,28.219999313354492,29.100000381469727,29.100000381469727,1366500
2018-08-20,29.049999237060547,29.290000915527344,28.690000534057617,29.100000381469727,29.100000381469727,750900
2018-08-21,29.049999237060547,29.420000076293945,28.489999771118164,29.219999313354492,29.219999313354492,1127900
2018-08-22,29.200000762939453,29.389999389648438,28.920000076293945,29.299999237060547,29.299999237060547,1034100
2018-08-23,29.059999465942383,29.280000686645508,28.280000686645508,28.3700008392334,28.3700008392334,1572100
2018-08-24,28.360000610351562,28.8700008392334,28.219999313354492,28.520000457763672,28.520000457763672,1202800
2018-08-27,28.739999771118164,29.15999984741211,28.489999771118164,28.610000610351562,28.610000610351562,1679700
2018-08-28,27.65999984741211,28.1200008392334,26.56999969482422,26.770000457763672,26.770000457763672,5914300
2018-08-29,26.65999984741211,27.600000381469727,26.200000762939453,27.56999969482422,27.56999969482422,2728400
2018-08-30,27.579999923706055,28.780000686645508,27.40999984741211,28.34000015258789,28.34000015258789,1880400
2018-08-31,28.329999923706055,28.65999984741211,28.170000076293945,28.559999465942383,28.559999465942383,1066100
2018-09-04,28.459999084472656,28.700000762939453,28.040000915527344,28.190000534057617,28.190000534057617,1003800
2018-09-05,28.110000610351562,28.56999969482422,27.809999465942383,28.200000762939453,28.200000762939453,1021300
2018-09-06,28.110000610351562,28.770000457763672,28.110000610351562,28.739999771118164,28.739999771118164,908700
2018-09-07,28.59000015258789,29.059999465942383,28.229999542236328,28.920000076293945,28.920000076293945,1064300
2018-09-10,28.979999542236328,29.420000076293945,28.8700008392334,29.079999923706055,29.079999923706055,1012200
2018-09-11,29.040000915527344,29.09000015258789,27.989999771118164,28.239999771118164,28.239999771118164,1400500
2018-09-12,28.34000015258789,28.600000381469727,27.790000915527344,28.15999984741211,28.15999984741211,1630400
2018-09-13,28.25,28.25,27.3700008392334,27.81999969482422,27.81999969482422,1468500
2018-09-14,27.739999771118164,27.940000534057617,27.31999969482422,27.690000534057617,27.690000534057617,1354100
2018-09-17,27.559999465942383,27.649999618530273,27.110000610351562,27.260000228881836,27.260000228881836,1436300
2018-09-18,27.079999923706055,27.209999084472656,26.1200008392334,26.600000381469727,26.600000381469727,1778300
2018-09-19,26.59000015258789,26.719999313354492,26.09000015258789,26.200000762939453,26.200000762939453,1609400
2018-09-20,26.329999923706055,26.860000610351562,25.959999084472656,26.579999923706055,26.579999923706055,2485700
2018-09-21,26.469999313354492,26.600000381469727,25.81999969482422,26.260000228881836,26.260000228881836,4623600
2018-09-24,26.559999465942383,27.610000610351562,26.299999237060547,27.440000534057617,27.440000534057617,1628700
2018-09-25,27.3799991607666,27.6200008392334,26.190000534057617,26.25,26.25,1740700
2018-09-26,26.360000610351562,26.969999313354492,26.149999618530273,26.700000762939453,26.700000762939453,1213600
2018-09-27,26.549999237060547,26.829999923706055,26.239999771118164,26.459999084472656,26.459999084472656,596900
2018-09-28,26.280000686645508,27.239999771118164,26.280000686645508,27.1200008392334,27.1200008392334,1244900
2018-10-01,27.299999237060547,27.5,27.110000610351562,27.260000228881836,27.260000228881836,878600
2018-10-02,27.100000381469727,27.68000030517578,26.579999923706055,26.610000610351562,26.610000610351562,1106300
2018-10-03,26.729999542236328,26.889999389648438,26.25,26.290000915527344,26.290000915527344,764400
2018-10-04,26.170000076293945,26.40999984741211,25.950000762939453,26.399999618530273,26.399999618530273,906800
2018-10-05,26.3799991607666,26.68000030517578,26.260000228881836,26.31999969482422,26.31999969482422,541300
2018-10-08,26.450000762939453,27.030000686645508,26.360000610351562,26.75,26.75,1058900
2018-10-09,26.610000610351562,26.809999465942383,26.09000015258789,26.1299991607666,26.1299991607666,851200
2018-10-10,26.059999465942383,26.229999542236328,25.700000762939453,25.719999313354492,25.719999313354492,906400
2018-10-11,25.520000457763672,25.700000762939453,25.200000762939453,25.200000762939453,25.200000762939453,1768200
2018-10-12,25.209999084472656,25.989999771118164,24.889999389648438,25.25,25.25,1073500
2018-10-15,25.18000030517578,25.65999984741211,25.18000030517578,25.469999313354492,25.469999313354492,804000
2018-10-16,25.579999923706055,25.989999771118164,25.18000030517578,25.770000457763672,25.770000457763672,899500
2018-10-17,25.65999984741211,25.959999084472656,25.399999618530273,25.5,25.5,747600
2018-10-18,25.5,25.6299991607666,24.780000686645508,24.920000076293945,24.920000076293945,725900
2018-10-19,24.899999618530273,25.389999389648438,24.790000915527344,25.25,25.25,1165300
2018-10-22,25.329999923706055,25.559999465942383,24.649999618530273,24.780000686645508,24.780000686645508,745100
2018-10-23,24.469999313354492,25.200000762939453,24.110000610351562,25.059999465942383,25.059999465942383,1479300
2018-10-24,25.06999969482422,25.65999984741211,24.90999984741211,24.950000762939453,24.950000762939453,869300
2018-10-25,25.0,25.190000534057617,24.6200008392334,24.670000076293945,24.670000076293945,1040900
2018-10-26,24.450000762939453,24.459999084472656,23.75,24.15999984741211,24.15999984741211,1607700
2018-10-29,24.760000228881836,25.8700008392334,24.56999969482422,24.959999084472656,24.959999084472656,2391500
2018-10-30,25.09000015258789,25.68000030517578,24.979999542236328,25.239999771118164,25.239999771118164,1070800
2018-10-31,25.25,25.3700008392334,24.440000534057617,24.8799991607666,24.8799991607666,1559100
2018-11-01,24.989999771118164,25.81999969482422,24.989999771118164,25.56999969482422,25.56999969482422,896100
2018-11-02,25.729999542236328,25.84000015258789,24.889999389648438,25.260000228881836,25.260000228881836,987100
2018-11-05,25.239999771118164,25.75,25.200000762939453,25.459999084472656,25.459999084472656,889600
2018-11-06,25.489999771118164,26.280000686645508,25.459999084472656,26.1299991607666,26.1299991607666,994500
2018-11-07,26.309999465942383,26.440000534057617,25.530000686645508,26.1299991607666,26.1299991607666,1397600
2018-11-08,25.0,25.149999618530273,22.030000686645508,22.510000228881836,22.510000228881836,6380200
2018-11-09,22.209999084472656,22.739999771118164,21.809999465942383,22.239999771118164,22.239999771118164,5448800
2018-11-12,21.979999542236328,22.940000534057617,21.760000228881836,22.610000610351562,22.610000610351562,3945500
2018-11-13,22.649999618530273,22.850000381469727,21.969999313354492,22.079999923706055,22.079999923706055,2558200
2018-11-14,22.149999618530273,22.56999969482422,21.940000534057617,22.34000015258789,22.34000015258789,1906400
2018-11-15,22.540000915527344,22.610000610351562,22.049999237060547,22.56999969482422,22.56999969482422,2130300
2018-11-16,22.59000015258789,22.84000015258789,22.219999313354492,22.68000030517578,22.68000030517578,1409100
2018-11-19,22.549999237060547,22.760000228881836,22.450000762939453,22.530000686645508,22.530000686645508,1533400
2018-11-20,22.25,22.6200008392334,22.25,22.40999984741211,22.40999984741211,1212300
2018-11-21,22.43000030517578,22.850000381469727,22.260000228881836,22.489999771118164,22.489999771118164,824500
2018-11-23,22.479999542236328,22.700000762939453,22.3799991607666,22.59000015258789,22.59000015258789,274000
2018-11-26,22.610000610351562,22.610000610351562,21.270000457763672,21.40999984741211,21.40999984741211,1613500
2018-11-27,21.389999389648438,21.43000030517578,20.540000915527344,21.049999237060547,21.049999237060547,1973600
2018-11-28,21.0,21.149999618530273,20.469999313354492,20.780000686645508,20.780000686645508,1360900
2018-11-29,20.799999237060547,21.059999465942383,20.68000030517578,20.81999969482422,20.81999969482422,1023300
2018-11-30,20.81999969482422,20.950000762939453,20.420000076293945,20.700000762939453,20.700000762939453,1242700
2018-12-03,20.850000381469727,21.0,20.299999237060547,20.700000762939453,20.700000762939453,1567700
2018-12-04,20.729999542236328,20.8799991607666,20.049999237060547,20.18000030517578,20.18000030517578,1659600
2018-12-06,20.09000015258789,20.309999465942383,19.649999618530273,19.920000076293945,19.920000076293945,1733300
2018-12-07,19.780000686645508,20.1200008392334,19.040000915527344,19.299999237060547,19.299999237060547,2003600
2018-12-10,19.3700008392334,19.579999923706055,18.81999969482422,19.18000030517578,19.18000030517578,1370000
2018-12-11,19.280000686645508,20.100000381469727,18.639999389648438,18.799999237060547,18.799999237060547,2286600
2018-12-12,19.5,19.559999465942383,18.3700008392334,19.1200008392334,19.1200008392334,2755600
2018-12-13,19.1299991607666,19.40999984741211,18.920000076293945,19.200000762939453,19.200000762939453,2072500
2018-12-14,19.079999923706055,19.219999313354492,18.420000076293945,18.450000762939453,18.450000762939453,2302800
2018-12-17,18.079999923706055,18.309999465942383,16.649999618530273,16.81999969482422,16.81999969482422,3877200
2018-12-18,16.829999923706055,17.139999389648438,16.420000076293945,16.979999542236328,16.979999542236328,4450000
2018-12-19,17.059999465942383,17.40999984741211,16.200000762939453,16.25,16.25,2249500
2018-12-20,16.1299991607666,16.600000381469727,15.760000228881836,15.960000038146973,15.960000038146973,2001100
2018-12-21,15.920000076293945,16.350000381469727,15.40999984741211,15.520000457763672,15.520000457763672,3949200
2018-12-24,15.520000457763672,15.640000343322754,15.180000305175781,15.489999771118164,15.489999771118164,1268700
2018-12-26,15.550000190734863,15.880000114440918,15.0600004196167,15.789999961853027,15.789999961853027,1622900
2018-12-27,15.640000343322754,15.699999809265137,15.109999656677246,15.640000343322754,15.640000343322754,1934400
2018-12-28,15.710000038146973,15.890000343322754,15.010000228881836,15.5600004196167,15.5600004196167,2276600
2018-12-31,15.5600004196167,15.859999656677246,15.119999885559082,15.859999656677246,15.859999656677246,2204200
2019-01-02,15.670000076293945,16.5,15.510000228881836,16.219999313354492,16.219999313354492,2552900
2019-01-03,16.1299991607666,16.850000381469727,16.059999465942383,16.489999771118164,16.489999771118164,1955900
2019-01-04,16.649999618530273,17.1200008392334,16.40999984741211,17.040000915527344,17.040000915527344,1675300
2019-01-07,17.049999237060547,17.6200008392334,16.959999084472656,17.440000534057617,17.440000534057617,2516600
2019-01-08,17.600000381469727,17.860000610351562,17.25,17.559999465942383,17.559999465942383,2421900
2019-01-09,17.510000228881836,18.149999618530273,17.450000762939453,17.899999618530273,17.899999618530273,1648500
2019-01-10,17.899999618530273,18.239999771118164,17.639999389648438,17.920000076293945,17.920000076293945,1477400
2019-01-11,17.90999984741211,18.149999618530273,17.59000015258789,17.809999465942383,17.809999465942383,1075900
2019-01-14,17.719999313354492,18.059999465942383,17.5,17.790000915527344,17.790000915527344,1276500
2019-01-15,17.790000915527344,18.309999465942383,17.6299991607666,18.18000030517578,18.18000030517578,1675400
2019-01-16,18.100000381469727,18.360000610351562,17.959999084472656,18.030000686645508,18.030000686645508,1152300
2019-01-17,18.049999237060547,18.389999389648438,17.920000076293945,18.350000381469727,18.350000381469727,816100
2019-01-18,18.440000534057617,18.65999984741211,18.309999465942383,18.559999465942383,18.559999465942383,1045800
2019-01-22,18.530000686645508,18.540000915527344,17.799999237060547,18.1299991607666,18.1299991607666,3346000
2019-01-23,18.25,18.690000534057617,18.059999465942383,18.170000076293945,18.170000076293945,1448700
2019-01-24,18.020000457763672,18.239999771118164,17.139999389648438,17.889999389648438,17.889999389648438,909700
2019-01-25,17.959999084472656,18.170000076293945,17.889999389648438,17.989999771118164,17.989999771118164,775500
2019-01-28,17.850000381469727,18.270000457763672,17.700000762939453,18.209999084472656,18.209999084472656,1745300
2019-01-29,18.350000381469727,18.43000030517578,18.030000686645508,18.059999465942383,18.059999465942383,594400
2019-01-30,18.170000076293945,18.170000076293945,17.700000762939453,18.059999465942383,18.059999465942383,1009400
2019-01-31,18.110000610351562,18.459999084472656,17.969999313354492,18.329999923706055,18.329999923706055,1134900
2019-02-01,18.3799991607666,18.489999771118164,18.09000015258789,18.190000534057617,18.190000534057617,702200
2019-02-04,18.239999771118164,18.3700008392334,18.049999237060547,18.239999771118164,18.239999771118164,1126400
2019-02-05,17.729999542236328,17.969999313354492,17.260000228881836,17.6299991607666,17.6299991607666,2431900
2019-02-06,17.549999237060547,17.940000534057617,17.420000076293945,17.790000915527344,17.790000915527344,1999500
2019-02-07,14.75,16.3700008392334,14.449999809265137,16.149999618530273,16.149999618530273,10168600
2019-02-08,15.869999885559082,17.06999969482422,15.819999694824219,15.90999984741211,15.90999984741211,3336400
2019-02-11,15.90999984741211,17.049999237060547,15.90999984741211,16.84000015258789,16.84000015258789,4386700
2019-02-12,16.93000030517578,18.350000381469727,16.670000076293945,18.049999237060547,18.049999237060547,2999900
2019-02-13,18.059999465942383,18.270000457763672,17.43000030517578,17.790000915527344,17.790000915527344,2283900
2019-02-14,17.729999542236328,17.790000915527344,17.290000915527344,17.450000762939453,17.450000762939453,1975300
2019-02-15,17.540000915527344,17.90999984741211,17.420000076293945,17.760000228881836,17.760000228881836,1397300
2019-02-19,17.75,18.1200008392334,17.739999771118164,17.920000076293945,17.920000076293945,945200
2019-02-20,17.90999984741211,18.510000228881836,17.59000015258789,18.479999542236328,18.479999542236328,1679700
2019-02-21,18.440000534057617,18.549999237060547,18.030000686645508,18.09000015258789,18.09000015258789,1387400
2019-02-22,17.780000686645508,17.979999542236328,17.200000762939453,17.639999389648438,17.639999389648438,2107000
2019-02-25,17.700000762939453,17.700000762939453,17.18000030517578,17.229999542236328,17.229999542236328,1342700
2019-02-26,17.219999313354492,17.68000030517578,17.219999313354492,17.34000015258789,17.34000015258789,2197300
2019-02-27,17.350000381469727,17.81999969482422,17.149999618530273,17.770000457763672,17.770000457763672,1983000
2019-02-28,18.6299991607666,19.719999313354492,18.520000457763672,19.670000076293945,19.670000076293945,7381000
2019-03-01,19.030000686645508,19.729999542236328,19.030000686645508,19.25,19.25,3176700
2019-03-04,19.420000076293945,19.81999969482422,19.06999969482422,19.579999923706055,19.579999923706055,2282000
2019-03-05,19.579999923706055,20.3799991607666,19.520000457763672,20.350000381469727,20.350000381469727,3483100
2019-03-06,20.219999313354492,20.84000015258789,19.979999542236328,20.75,20.75,4013800
2019-03-07,20.670000076293945,21.649999618530273,20.520000457763672,21.559999465942383,21.559999465942383,5322800
2019-03-08,21.700000762939453,21.760000228881836,20.8700008392334,21.5,21.5,2065300
2019-03-11,21.440000534057617,21.959999084472656,21.399999618530273,21.889999389648438,21.889999389648438,2043700
2019-03-12,21.8799991607666,22.110000610351562,21.65999984741211,21.90999984741211,21.90999984741211,1217700
2019-03-13,21.959999084472656,22.559999465942383,21.739999771118164,22.440000534057617,22.440000534057617,2417100
2019-03-14,22.40999984741211,22.549999237060547,21.93000030517578,22.040000915527344,22.040000915527344,1634100
2019-03-15,22.040000915527344,22.59000015258789,21.829999923706055,22.549999237060547,22.549999237060547,1887700
2019-03-18,22.649999618530273,22.739999771118164,22.360000610351562,22.729999542236328,22.729999542236328,1277700
2019-03-19,22.799999237060547,22.84000015258789,22.579999923706055,22.709999084472656,22.709999084472656,1164200
2019-03-20,22.670000076293945,22.84000015258789,22.350000381469727,22.459999084472656,22.459999084472656,1186600
2019-03-21,22.5,23.309999465942383,22.450000762939453,23.239999771118164,23.239999771118164,1352500
2019-03-22,23.149999618530273,23.489999771118164,22.940000534057617,23.290000915527344,23.290000915527344,1590300
2019-03-25,23.149999618530273,23.639999389648438,23.139999389648438,23.459999084472656,23.459999084472656,1425900
2019-03-26,23.6299991607666,23.829999923706055,23.450000762939453,23.729999542236328,23.729999542236328,902300
2019-03-27,23.739999771118164,23.90999984741211,23.360000610351562,23.639999389648438,23.639999389648438,1498700
2019-03-28,23.65999984741211,23.799999237060547,23.280000686645508,23.3700008392334,23.3700008392334,955100
2019-03-29,23.450000762939453,23.75,23.030000686645508,23.1200008392334,23.1200008392334,956000
2019-04-01,22.8799991607666,23.09000015258789,22.6200008392334,22.719999313354492,22.719999313354492,1314400
2019-04-02,22.760000228881836,22.770000457763672,21.989999771118164,22.049999237060547,22.049999237060547,1597700
2019-04-03,22.059999465942383,22.079999923706055,21.299999237060547,21.31999969482422,21.31999969482422,2164700
2019-04-04,21.270000457763672,21.899999618530273,21.149999618530273,21.84000015258789,21.84000015258789,3285000
2019-04-05,21.860000610351562,22.110000610351562,21.760000228881836,21.81999969482422,21.81999969482422,1099000
2019-04-08,21.84000015258789,22.020000457763672,21.739999771118164,21.889999389648438,21.889999389648438,947200
2019-04-09,21.780000686645508,21.899999618530273,21.329999923706055,21.770000457763672,21.770000457763672,1125300
2019-04-10,21.709999084472656,22.239999771118164,21.65999984741211,22.15999984741211,22.15999984741211,973300
2019-04-11,22.18000030517578,22.469999313354492,21.969999313354492,22.31999969482422,22.31999969482422,729500
2019-04-12,22.399999618530273,22.6200008392334,22.030000686645508,22.06999969482422,22.06999969482422,761200
2019-04-15,22.1299991607666,22.739999771118164,22.1299991607666,22.700000762939453,22.700000762939453,1135200
2019-04-16,22.790000915527344,23.09000015258789,21.8799991607666,22.600000381469727,22.600000381469727,1413200
2019-04-17,22.68000030517578,22.760000228881836,22.280000686645508,22.5,22.5,596400
2019-04-18,22.600000381469727,22.760000228881836,22.1200008392334,22.3799991607666,22.3799991607666,996600
2019-04-22,22.3799991607666,22.3799991607666,21.989999771118164,22.059999465942383,22.059999465942383,704700
2019-04-23,22.09000015258789,22.360000610351562,21.8799991607666,22.010000228881836,22.010000228881836,1157400
2019-04-24,21.979999542236328,22.049999237060547,21.68000030517578,21.850000381469727,21.850000381469727,1437900
2019-04-25,21.809999465942383,21.959999084472656,21.540000915527344,21.559999465942383,21.559999465942383,942800
2019-04-26,21.559999465942383,22.06999969482422,21.520000457763672,21.90999984741211,21.90999984741211,1034900
2019-04-29,21.989999771118164,22.219999313354492,21.5,21.979999542236328,21.979999542236328,1423100
2019-04-30,22.040000915527344,22.229999542236328,21.729999542236328,21.81999969482422,21.81999969482422,931700
2019-05-01,21.809999465942383,21.93000030517578,21.5,21.75,21.75,969200
2019-05-02,21.6299991607666,22.049999237060547,21.420000076293945,22.010000228881836,22.010000228881836,1292100
2019-05-03,22.1299991607666,22.56999969482422,21.920000076293945,22.479999542236328,22.479999542236328,1044400
2019-05-06,22.290000915527344,23.06999969482422,21.940000534057617,22.989999771118164,22.989999771118164,1600600
2019-05-07,22.889999389648438,23.739999771118164,22.889999389648438,23.700000762939453,23.700000762939453,1816000
2019-05-08,23.690000534057617,24.229999542236328,23.360000610351562,23.75,23.75,2496600
2019-05-09,23.979999542236328,23.979999542236328,21.3700008392334,22.920000076293945,22.920000076293945,2088300
2019-05-10,23.100000381469727,23.110000610351562,22.170000076293945,22.8799991607666,22.8799991607666,1035200
2019-05-13,22.600000381469727,23.639999389648438,22.59000015258789,23.600000381469727,23.600000381469727,2087900
2019-05-14,23.530000686645508,23.90999984741211,23.020000457763672,23.899999618530273,23.899999618530273,2376300
2019-05-15,23.90999984741211,24.639999389648438,23.549999237060547,24.479999542236328,24.479999542236328,2184700
2019-05-16,24.790000915527344,25.149999618530273,24.049999237060547,24.299999237060547,24.299999237060547,1564800
2019-05-17,23.899999618530273,24.139999389648438,23.260000228881836,23.940000534057617,23.940000534057617,1827800
2019-05-20,23.690000534057617,23.739999771118164,23.010000228881836,23.43000030517578,23.43000030517578,2422200
2019-05-21,23.510000228881836,24.459999084472656,23.399999618530273,23.899999618530273,23.899999618530273,2633300
2019-05-22,24.149999618530273,24.25,23.59000015258789,23.829999923706055,23.829999923706055,1046900
2019-05-23,23.6299991607666,23.920000076293945,22.799999237060547,22.84000015258789,22.84000015258789,1728500
2019-05-24,22.920000076293945,23.079999923706055,22.239999771118164,22.479999542236328,22.479999542236328,2111800
2019-05-28,22.40999984741211,22.600000381469727,21.34000015258789,21.350000381469727,21.350000381469727,1898900
2019-05-29,21.15999984741211,21.200000762939453,20.149999618530273,20.540000915527344,20.540000915527344,2856900
2019-05-30,20.6200008392334,20.729999542236328,20.06999969482422,20.1299991607666,20.1299991607666,1434500
2019-05-31,20.06999969482422,20.43000030517578,19.799999237060547,20.389999389648438,20.389999389648438,1104400
2019-06-03,20.329999923706055,20.489999771118164,20.040000915527344,20.3799991607666,20.3799991607666,960900
2019-06-04,20.469999313354492,20.75,20.469999313354492,20.6299991607666,20.6299991607666,663700
2019-06-05,20.760000228881836,20.84000015258789,20.399999618530273,20.59000015258789,20.59000015258789,887800
2019-06-06,20.610000610351562,20.610000610351562,19.950000762939453,20.520000457763672,20.520000457763672,875900
2019-06-07,20.540000915527344,21.309999465942383,20.450000762939453,21.020000457763672,21.020000457763672,1419300
2019-06-10,21.06999969482422,21.260000228881836,20.670000076293945,20.75,20.75,684400
2019-06-11,20.8700008392334,21.25,20.729999542236328,21.149999618530273,21.149999618530273,1158100
2019-06-12,21.079999923706055,21.25,20.850000381469727,20.979999542236328,20.979999542236328,810200
2019-06-13,21.010000228881836,21.139999389648438,20.719999313354492,21.1200008392334,21.1200008392334,595000
2019-06-14,21.100000381469727,21.3700008392334,20.850000381469727,21.170000076293945,21.170000076293945,680000
2019-06-17,21.190000534057617,21.190000534057617,20.610000610351562,20.709999084472656,20.709999084472656,770500
2019-06-18,20.8700008392334,21.059999465942383,20.5,20.549999237060547,20.549999237060547,691000
2019-06-19,20.579999923706055,20.799999237060547,20.43000030517578,20.739999771118164,20.739999771118164,700100
2019-06-20,20.93000030517578,21.309999465942383,20.59000015258789,20.600000381469727,20.600000381469727,1277800
2019-06-21,20.600000381469727,20.780000686645508,20.170000076293945,20.649999618530273,20.649999618530273,1578600
2019-06-24,20.709999084472656,21.0,20.469999313354492,20.530000686645508,20.530000686645508,737500
2019-06-25,20.530000686645508,20.809999465942383,20.450000762939453,20.790000915527344,20.790000915527344,841200
2019-06-26,20.75,20.940000534057617,20.520000457763672,20.850000381469727,20.850000381469727,711900
2019-06-27,20.84000015258789,21.280000686645508,20.6299991607666,21.229999542236328,21.229999542236328,850500
2019-06-28,21.309999465942383,21.940000534057617,21.25,21.899999618530273,21.899999618530273,1094500
2019-07-01,22.0,22.15999984741211,21.299999237060547,21.40999984741211,21.40999984741211,1071600
2019-07-02,21.530000686645508,21.8799991607666,21.360000610351562,21.65999984741211,21.65999984741211,529900
2019-07-03,21.68000030517578,22.1200008392334,21.649999618530273,21.889999389648438,21.889999389648438,680000
2019-07-05,21.790000915527344,22.3700008392334,21.739999771118164,22.3700008392334,22.3700008392334,526800
2019-07-08,22.399999618530273,22.459999084472656,21.690000534057617,21.989999771118164,21.989999771118164,751400
2019-07-09,21.860000610351562,22.059999465942383,21.799999237060547,22.040000915527344,22.040000915527344,711700
2019-07-10,22.06999969482422,22.15999984741211,21.920000076293945,21.93000030517578,21.93000030517578,712500
2019-07-11,21.90999984741211,21.940000534057617,20.690000534057617,21.010000228881836,21.010000228881836,1644300
2019-07-12,20.920000076293945,21.459999084472656,20.799999237060547,21.389999389648438,21.389999389648438,878000
2019-07-15,21.459999084472656,21.770000457763672,21.260000228881836,21.40999984741211,21.40999984741211,687000
2019-07-16,21.399999618530273,21.549999237060547,20.860000610351562,20.93000030517578,20.93000030517578,747100
2019-07-17,20.93000030517578,21.040000915527344,20.540000915527344,20.709999084472656,20.709999084472656,1006300
2019-07-18,20.790000915527344,21.139999389648438,20.639999389648438,21.020000457763672,21.020000457763672,539500
2019-07-19,21.020000457763672,21.18000030517578,20.739999771118164,20.770000457763672,20.770000457763672,532000
2019-07-22,20.780000686645508,20.959999084472656,20.5,20.68000030517578,20.68000030517578,1196600
2019-07-23,20.649999618530273,20.700000762939453,20.049999237060547,20.25,20.25,1478200
2019-07-24,20.18000030517578,20.450000762939453,20.0,20.219999313354492,20.219999313354492,1974900
2019-07-25,20.15999984741211,20.729999542236328,20.149999618530273,20.260000228881836,20.260000228881836,1377500
2019-07-26,20.209999084472656,20.59000015258789,19.989999771118164,20.559999465942383,20.559999465942383,1083300
2019-07-29,20.639999389648438,23.049999237060547,20.25,21.459999084472656,21.459999084472656,3257000
2019-07-30,21.3700008392334,21.940000534057617,21.020000457763672,21.93000030517578,21.93000030517578,846200
2019-07-31,22.010000228881836,22.93000030517578,21.459999084472656,21.770000457763672,21.770000457763672,1615500
2019-08-01,21.93000030517578,22.3700008392334,21.920000076293945,22.049999237060547,22.049999237060547,1329600
2019-08-02,21.920000076293945,22.229999542236328,21.540000915527344,22.139999389648438,22.139999389648438,904600
2019-08-05,22.0,22.0,21.469999313354492,21.6299991607666,21.6299991607666,1147300
2019-08-06,21.68000030517578,22.229999542236328,21.25,21.420000076293945,21.420000076293945,734400
2019-08-07,21.309999465942383,21.510000228881836,20.889999389648438,21.469999313354492,21.469999313354492,894200
2019-08-08,21.5,22.149999618530273,20.639999389648438,22.139999389648438,22.139999389648438,1479000
2019-08-09,22.170000076293945,22.280000686645508,21.93000030517578,22.149999618530273,22.149999618530273,725500
2019-08-12,22.1200008392334,22.1200008392334,21.43000030517578,21.440000534057617,21.440000534057617,602800
2019-08-13,21.3700008392334,22.139999389648438,21.270000457763672,22.059999465942383,22.059999465942383,746200
2019-08-14,21.8799991607666,21.989999771118164,20.969999313354492,21.260000228881836,21.260000228881836,1308300
2019-08-15,21.389999389648438,21.56999969482422,20.760000228881836,21.09000015258789,21.09000015258789,1084900
2019-08-16,21.190000534057617,21.809999465942383,21.09000015258789,21.739999771118164,21.739999771118164,1103300
2019-08-19,21.950000762939453,22.079999923706055,21.8700008392334,21.899999618530273,21.899999618530273,1325400
2019-08-20,20.729999542236328,21.010000228881836,18.56999969482422,18.600000381469727,18.600000381469727,3381300
2019-08-21,18.459999084472656,18.729999542236328,18.200000762939453,18.360000610351562,18.360000610351562,2449200
2019-08-22,18.40999984741211,18.989999771118164,18.25,18.90999984741211,18.90999984741211,1785900
2019-08-23,18.799999237060547,18.799999237060547,18.139999389648438,18.3799991607666,18.3799991607666,1512400
2019-08-26,18.520000457763672,18.59000015258789,18.229999542236328,18.530000686645508,18.530000686645508,1417300
2019-08-27,18.5,18.530000686645508,17.940000534057617,18.18000030517578,18.18000030517578,1509300
2019-08-28,18.420000076293945,18.670000076293945,18.200000762939453,18.360000610351562,18.360000610351562,2892000
2019-08-29,19.309999465942383,19.59000015258789,18.459999084472656,19.030000686645508,19.030000686645508,3288400
2019-08-30,19.040000915527344,19.190000534057617,18.68000030517578,19.049999237060547,19.049999237060547,2866100
2019-09-03,18.8700008392334,19.299999237060547,18.75,19.170000076293945,19.170000076293945,2573900
2019-09-04,19.239999771118164,19.850000381469727,19.200000762939453,19.579999923706055,19.579999923706055,1199300
2019-09-05,19.670000076293945,19.969999313354492,19.670000076293945,19.75,19.75,1130700
2019-09-06,19.75,19.920000076293945,19.559999465942383,19.6200008392334,19.6200008392334,728500
2019-09-09,19.6200008392334,19.709999084472656,19.420000076293945,19.59000015258789,19.59000015258789,1753300
2019-09-10,19.56999969482422,20.81999969482422,19.530000686645508,20.75,20.75,1236800
2019-09-11,20.739999771118164,21.809999465942383,20.530000686645508,21.75,21.75,2216400
2019-09-12,21.8700008392334,21.940000534057617,21.559999465942383,21.719999313354492,21.719999313354492,891400
2019-09-13,21.75,22.0,21.700000762939453,21.959999084472656,21.959999084472656,647700
2019-09-16,21.8700008392334,22.540000915527344,21.670000076293945,22.510000228881836,22.510000228881836,850900
2019-09-17,22.420000076293945,22.639999389648438,22.31999969482422,22.40999984741211,22.40999984741211,727600
2019-09-18,22.350000381469727,22.649999618530273,21.860000610351562,22.110000610351562,22.110000610351562,1359500
2019-09-19,22.09000015258789,22.209999084472656,21.239999771118164,21.309999465942383,21.309999465942383,1228600
2019-09-20,21.309999465942383,21.610000610351562,20.780000686645508,20.899999618530273,20.899999618530273,2942400
2019-09-23,20.84000015258789,21.65999984741211,20.75,21.469999313354492,21.469999313354492,1093600
2019-09-24,21.450000762939453,21.700000762939453,21.299999237060547,21.549999237060547,21.549999237060547,1106500
2019-09-25,21.68000030517578,22.170000076293945,21.280000686645508,22.020000457763672,22.020000457763672,924100
2019-09-26,22.079999923706055,22.170000076293945,21.690000534057617,21.709999084472656,21.709999084472656,679800
2019-09-27,21.649999618530273,21.809999465942383,21.350000381469727,21.540000915527344,21.540000915527344,717100
2019-09-30,21.600000381469727,21.6200008392334,21.190000534057617,21.479999542236328,21.479999542236328,783800
2019-10-01,21.510000228881836,21.510000228881836,20.829999923706055,20.959999084472656,20.959999084472656,775100
2019-10-02,20.860000610351562,20.950000762939453,20.34000015258789,20.489999771118164,20.489999771118164,920700
2019-10-03,20.510000228881836,20.75,20.399999618530273,20.690000534057617,20.690000534057617,835000
2019-10-04,20.700000762939453,20.969999313354492,20.440000534057617,20.709999084472656,20.709999084472656,559500
2019-10-07,20.59000015258789,20.739999771118164,20.389999389648438,20.520000457763672,20.520000457763672,532800
2019-10-08,20.3799991607666,20.389999389648438,19.989999771118164,20.149999618530273,20.149999618530273,474700
2019-10-09,20.209999084472656,20.219999313354492,19.90999984741211,20.110000610351562,20.110000610351562,725800
2019-10-10,20.09000015258789,20.309999465942383,20.049999237060547,20.219999313354492,20.219999313354492,495500
2019-10-11,20.43000030517578,20.850000381469727,20.329999923706055,20.700000762939453,20.700000762939453,596800
2019-10-14,20.6299991607666,21.25,20.34000015258789,21.06999969482422,21.06999969482422,864700
2019-10-15,21.25,21.850000381469727,21.040000915527344,21.829999923706055,21.829999923706055,1160300
2019-10-16,21.760000228881836,22.149999618530273,21.739999771118164,22.059999465942383,22.059999465942383,700700
2019-10-17,22.139999389648438,22.440000534057617,21.899999618530273,22.420000076293945,22.420000076293945,672100
2019-10-18,22.450000762939453,22.540000915527344,22.059999465942383,22.15999984741211,22.15999984741211,442700
2019-10-21,22.309999465942383,22.469999313354492,21.920000076293945,21.940000534057617,21.940000534057617,510400
2019-10-22,21.940000534057617,22.260000228881836,21.84000015258789,22.209999084472656,22.209999084472656,608800
2019-10-23,22.170000076293945,22.389999389648438,22.059999465942383,22.299999237060547,22.299999237060547,746500
2019-10-24,22.31999969482422,22.479999542236328,22.030000686645508,22.43000030517578,22.43000030517578,814500
2019-10-25,22.31999969482422,22.829999923706055,22.280000686645508,22.780000686645508,22.780000686645508,600600
2019-10-28,22.8799991607666,23.190000534057617,22.829999923706055,22.969999313354492,22.969999313354492,762900
2019-10-29,23.030000686645508,23.3799991607666,22.760000228881836,23.290000915527344,23.290000915527344,735600
2019-10-30,23.200000762939453,23.579999923706055,23.1299991607666,23.3799991607666,23.3799991607666,731800
2019-10-31,23.489999771118164,23.649999618530273,23.299999237060547,23.639999389648438,23.639999389648438,688500
2019-11-01,23.65999984741211,23.850000381469727,23.34000015258789,23.3700008392334,23.3700008392334,847000
2019-11-04,23.5,24.239999771118164,23.389999389648438,24.18000030517578,24.18000030517578,777700
2019-11-05,24.209999084472656,24.3799991607666,23.940000534057617,24.229999542236328,24.229999542236328,733500
2019-11-06,24.229999542236328,24.469999313354492,24.020000457763672,24.229999542236328,24.229999542236328,1433300
2019-11-07,24.799999237060547,26.440000534057617,24.31999969482422,25.549999237060547,25.549999237060547,2071300
2019-11-08,25.65999984741211,26.489999771118164,25.399999618530273,25.93000030517578,25.93000030517578,2527400
2019-11-11,25.899999618530273,26.110000610351562,25.3700008392334,25.81999969482422,25.81999969482422,717000
2019-11-12,25.889999389648438,25.969999313354492,25.479999542236328,25.600000381469727,25.600000381469727,1050200
2019-11-13,25.530000686645508,25.799999237060547,25.299999237060547,25.40999984741211,25.40999984741211,996300
2019-11-14,25.3700008392334,25.6299991607666,24.739999771118164,25.020000457763672,25.020000457763672,854600
2019-11-15,25.139999389648438,25.399999618530273,24.979999542236328,25.100000381469727,25.100000381469727,515800
2019-11-18,24.959999084472656,25.0,24.670000076293945,24.709999084472656,24.709999084472656,500900
2019-11-19,24.6299991607666,24.979999542236328,24.549999237060547,24.90999984741211,24.90999984741211,437800
2019-11-20,24.860000610351562,25.100000381469727,24.799999237060547,24.989999771118164,24.989999771118164,406200
2019-11-21,24.989999771118164,24.989999771118164,24.399999618530273,24.56999969482422,24.56999969482422,634000
2019-11-22,24.610000610351562,24.84000015258789,24.299999237060547,24.540000915527344,24.540000915527344,444400
2019-11-25,24.530000686645508,25.040000915527344,24.3799991607666,24.8700008392334,24.8700008392334,810500
2019-11-26,24.799999237060547,25.110000610351562,24.799999237060547,24.93000030517578,24.93000030517578,375000
2019-11-27,24.93000030517578,25.280000686645508,24.860000610351562,24.969999313354492,24.969999313354492,397200
2019-11-29,24.860000610351562,25.040000915527344,24.649999618530273,24.719999313354492,24.719999313354492,205000
2019-12-02,24.899999618530273,25.09000015258789,24.670000076293945,24.989999771118164,24.989999771118164,498500
2019-12-03,24.8799991607666,25.1299991607666,24.65999984741211,25.049999237060547,25.049999237060547,679600
2019-12-04,25.1200008392334,25.309999465942383,24.93000030517578,24.979999542236328,24.979999542236328,548900
2019-12-05,25.100000381469727,25.18000030517578,24.760000228881836,25.059999465942383,25.059999465942383,492700
2019-12-06,25.209999084472656,25.600000381469727,25.079999923706055,25.170000076293945,25.170000076293945,427500
2019-12-09,25.25,25.31999969482422,24.709999084472656,25.239999771118164,25.239999771118164,483000
2019-12-10,25.239999771118164,25.6299991607666,25.170000076293945,25.5,25.5,855500
2019-12-11,25.510000228881836,25.600000381469727,25.18000030517578,25.530000686645508,25.530000686645508,467700
2019-12-12,25.469999313354492,25.90999984741211,25.450000762939453,25.790000915527344,25.790000915527344,1613400
2019-12-13,25.639999389648438,25.829999923706055,24.760000228881836,24.969999313354492,24.969999313354492,412400
2019-12-16,25.049999237060547,25.049999237060547,24.6299991607666,24.670000076293945,24.670000076293945,419200
2019-12-17,24.649999618530273,24.979999542236328,24.549999237060547,24.8700008392334,24.8700008392334,366200
2019-12-18,24.979999542236328,25.31999969482422,24.59000015258789,25.219999313354492,25.219999313354492,526100
2019-12-19,25.309999465942383,25.709999084472656,25.18000030517578,25.600000381469727,25.600000381469727,449800
2019-12-20,25.709999084472656,25.860000610351562,25.3799991607666,25.709999084472656,25.709999084472656,1264500
2019-12-23,25.799999237060547,26.0,25.559999465942383,25.780000686645508,25.780000686645508,696200
2019-12-24,25.809999465942383,25.829999923706055,25.59000015258789,25.739999771118164,25.739999771118164,212700
2019-12-26,25.760000228881836,25.770000457763672,25.489999771118164,25.639999389648438,25.639999389648438,487200
2019-12-27,25.739999771118164,25.809999465942383,25.510000228881836,25.579999923706055,25.579999923706055,587800
2019-12-30,25.670000076293945,25.670000076293945,25.440000534057617,25.530000686645508,25.530000686645508,414700
